puzzle_id,heuristic,time_seconds,backtracks,solved,empty_cells
0,sequential,0.0005240440368652344,135,True,44
0,random,0.05856728553771973,10389,True,44
0,mrv,0.003766775131225586,0,True,44
1,sequential,0.00027823448181152344,48,True,46
1,random,0.13675951957702637,24184,True,46
1,mrv,0.00395512580871582,0,True,46
2,sequential,0.0002994537353515625,52,True,47
2,random,0.1880474090576172,33569,True,47
2,mrv,0.004193544387817383,0,True,47
3,sequential,0.000911712646484375,226,True,48
3,random,0.3714432716369629,65866,True,48
3,mrv,0.00419306755065918,0,True,48
4,sequential,0.0002903938293457031,44,True,47
4,random,0.21130800247192383,37493,True,47
4,mrv,0.004915952682495117,0,True,47
5,sequential,0.0003199577331542969,67,True,48
5,random,0.03305459022521973,5841,True,48
5,mrv,0.004337310791015625,0,True,48
6,sequential,0.00020313262939453125,24,True,45
6,random,0.020299196243286133,3558,True,45
6,mrv,0.004099369049072266,0,True,45
7,sequential,0.0005249977111816406,138,True,40
7,random,0.03350472450256348,5978,True,40
7,mrv,0.0036160945892333984,0,True,40
8,sequential,0.0006844997406005859,176,True,46
8,random,0.05613541603088379,10183,True,46
8,mrv,0.003834962844848633,0,True,46
9,sequential,0.00013709068298339844,1,True,47
9,random,0.02470707893371582,4276,True,47
9,mrv,0.004421234130859375,0,True,47
10,sequential,0.00016427040100097656,11,True,45
10,random,0.020023345947265625,3558,True,45
10,mrv,0.004147052764892578,0,True,45
11,sequential,0.0006577968597412109,181,True,43
11,random,0.39496684074401855,68630,True,43
11,mrv,0.00423121452331543,0,True,43
12,sequential,0.0004730224609375,125,True,45
12,random,0.023504257202148438,4098,True,45
12,mrv,0.0039501190185546875,0,True,45
13,sequential,0.0004322528839111328,107,True,45
13,random,0.08641815185546875,15414,True,45
13,mrv,0.004102468490600586,0,True,45
14,sequential,0.0008969306945800781,234,True,46
14,random,0.20900416374206543,36376,True,46
14,mrv,0.00421595573425293,0,True,46
15,sequential,0.0008382797241210938,211,True,46
15,random,0.36517858505249023,65202,True,46
15,mrv,0.004228830337524414,0,True,46
16,sequential,0.00019121170043945312,20,True,48
16,random,0.09595203399658203,17602,True,48
16,mrv,0.004270076751708984,0,True,48
17,sequential,0.0003223419189453125,61,True,48
17,random,1.1014246940612793,198641,True,48
17,mrv,0.004610776901245117,0,True,48
18,sequential,0.0005707740783691406,137,True,46
18,random,0.19214200973510742,34666,True,46
18,mrv,0.004293918609619141,0,True,46
19,sequential,0.0002930164337158203,49,True,47
19,random,0.2839210033416748,51449,True,47
19,mrv,0.004389524459838867,0,True,47
20,sequential,0.00024819374084472656,36,True,46
20,random,0.05303788185119629,9661,True,46
20,mrv,0.003989458084106445,0,True,46
21,sequential,0.00016498565673828125,12,True,44
21,random,0.1461038589477539,26594,True,44
21,mrv,0.003810882568359375,0,True,44
22,sequential,0.00020599365234375,28,True,48
22,random,0.0019373893737792969,329,True,48
22,mrv,0.004213571548461914,0,True,48
23,sequential,0.0005400180816650391,141,True,45
23,random,0.04952216148376465,8984,True,45
23,mrv,0.004055500030517578,0,True,45
24,sequential,0.0002677440643310547,45,True,47
24,random,0.07970809936523438,14362,True,47
24,mrv,0.003870725631713867,0,True,47
25,sequential,0.0004162788391113281,92,True,48
25,random,0.14261412620544434,25558,True,48
25,mrv,0.004136323928833008,0,True,48
26,sequential,0.00014972686767578125,9,True,46
26,random,0.05335044860839844,9509,True,46
26,mrv,0.0037229061126708984,0,True,46
27,sequential,0.0007491111755371094,199,True,47
27,random,0.24690580368041992,45673,True,47
27,mrv,0.0039844512939453125,0,True,47
28,sequential,0.0003337860107421875,66,True,46
28,random,0.07569718360900879,13568,True,46
28,mrv,0.0038056373596191406,0,True,46
29,sequential,0.0007822513580322266,206,True,48
29,random,0.06193733215332031,11173,True,48
29,mrv,0.004044055938720703,0,True,48
30,sequential,0.0004162788391113281,88,True,45
30,random,0.018496990203857422,3341,True,45
30,mrv,0.003934144973754883,0,True,45
31,sequential,0.0003578662872314453,65,True,46
31,random,0.05191445350646973,9534,True,46
31,mrv,0.004151105880737305,0,True,46
32,sequential,0.0005276203155517578,139,True,46
32,random,0.015665054321289062,2915,True,46
32,mrv,0.0037140846252441406,0,True,46
33,sequential,0.0008502006530761719,223,True,46
33,random,0.26124000549316406,47442,True,46
33,mrv,0.004023313522338867,0,True,46
34,sequential,0.0001666545867919922,12,True,47
34,random,0.02695631980895996,4854,True,47
34,mrv,0.004129648208618164,0,True,47
35,sequential,0.000457763671875,113,True,47
35,random,0.07668280601501465,13966,True,47
35,mrv,0.004305839538574219,0,True,47
36,sequential,0.0004932880401611328,116,True,48
36,random,0.48087525367736816,86335,True,48
36,mrv,0.004468202590942383,0,True,48
37,sequential,0.00045680999755859375,100,True,47
37,random,0.3899400234222412,70199,True,47
37,mrv,0.004180431365966797,0,True,47
38,sequential,0.0002484321594238281,33,True,45
38,random,0.020979642868041992,3690,True,45
38,mrv,0.003873109817504883,0,True,45
39,sequential,0.0004782676696777344,117,True,48
39,random,0.006691694259643555,1168,True,48
39,mrv,0.00453948974609375,0,True,48
40,sequential,0.0003764629364013672,82,True,41
40,random,0.04183340072631836,7658,True,41
40,mrv,0.003732919692993164,0,True,41
41,sequential,0.00023603439331054688,36,True,47
41,random,0.005274772644042969,910,True,47
41,mrv,0.004042148590087891,0,True,47
42,sequential,0.0001633167266845703,12,True,47
42,random,0.048293113708496094,8622,True,47
42,mrv,0.003901958465576172,0,True,47
43,sequential,0.0004258155822753906,90,True,47
43,random,0.43402719497680664,78683,True,47
43,mrv,0.004072427749633789,0,True,47
44,sequential,0.00014519691467285156,5,True,47
44,random,0.0585932731628418,10801,True,47
44,mrv,0.0044443607330322266,0,True,47
45,sequential,0.000347137451171875,74,True,48
45,random,0.212874174118042,39488,True,48
45,mrv,0.0041713714599609375,0,True,48
46,sequential,0.0008594989776611328,277,True,44
46,random,0.07965826988220215,14422,True,44
46,mrv,0.004168033599853516,0,True,44
47,sequential,0.00022339820861816406,35,True,47
47,random,0.06559920310974121,11651,True,47
47,mrv,0.004043102264404297,0,True,47
48,sequential,0.0002613067626953125,42,True,47
48,random,0.10783267021179199,19534,True,47
48,mrv,0.00405120849609375,0,True,47
49,sequential,0.0005304813385009766,126,True,43
49,random,0.22289824485778809,40590,True,43
49,mrv,0.0039730072021484375,0,True,43
50,sequential,0.0021250247955322266,640,True,47
50,random,1.500469446182251,273402,True,47
50,mrv,0.004441738128662109,0,True,47
51,sequential,0.00033974647521972656,79,True,45
51,random,0.019664525985717773,3536,True,45
51,mrv,0.004286050796508789,0,True,45
52,sequential,0.00017905235290527344,19,True,44
52,random,0.07907485961914062,14450,True,44
52,mrv,0.0037627220153808594,0,True,44
53,sequential,0.00037789344787597656,81,True,46
53,random,0.06650018692016602,11948,True,46
53,mrv,0.0040018558502197266,0,True,46
54,sequential,0.0007147789001464844,209,True,49
54,random,0.33207106590270996,59305,True,49
54,mrv,0.004433870315551758,0,True,49
55,sequential,0.0001583099365234375,10,True,43
55,random,0.09393548965454102,16935,True,43
55,mrv,0.003764629364013672,0,True,43
56,sequential,0.00015926361083984375,10,True,47
56,random,0.2963986396789551,54277,True,47
56,mrv,0.004176139831542969,0,True,47
57,sequential,0.0001430511474609375,4,True,47
57,random,0.050627946853637695,9305,True,47
57,mrv,0.004006624221801758,0,True,47
58,sequential,0.00017976760864257812,15,True,43
58,random,0.05179572105407715,9381,True,43
58,mrv,0.00391840934753418,0,True,43
59,sequential,0.00019168853759765625,21,True,45
59,random,0.01584911346435547,2729,True,45
59,mrv,0.003999948501586914,0,True,45
60,sequential,0.00019884109497070312,23,True,46
60,random,0.3436589241027832,60990,True,46
60,mrv,0.004179716110229492,0,True,46
61,sequential,0.0005517005920410156,129,True,47
61,random,0.07541227340698242,13337,True,47
61,mrv,0.0038814544677734375,0,True,47
62,sequential,0.00026416778564453125,49,True,48
62,random,0.24480843544006348,43856,True,48
62,mrv,0.004325389862060547,0,True,48
63,sequential,0.0002377033233642578,39,True,46
63,random,0.12186431884765625,21560,True,46
63,mrv,0.003930568695068359,0,True,46
64,sequential,0.00019073486328125,20,True,46
64,random,0.30823540687561035,55073,True,46
64,mrv,0.004436016082763672,0,True,46
65,sequential,0.0002682209014892578,41,True,47
65,random,0.05047249794006348,9078,True,47
65,mrv,0.004037618637084961,0,True,47
66,sequential,0.00018334388732910156,18,True,45
66,random,0.0012028217315673828,187,True,45
66,mrv,0.003651142120361328,0,True,45
67,sequential,0.0005776882171630859,167,True,44
67,random,0.07691240310668945,14098,True,44
67,mrv,0.003774881362915039,0,True,44
68,sequential,0.0002086162567138672,20,True,48
68,random,0.21003079414367676,36954,True,48
68,mrv,0.004507541656494141,0,True,48
69,sequential,0.00029921531677246094,54,True,45
69,random,0.2988240718841553,54378,True,45
69,mrv,0.0041217803955078125,0,True,45
70,sequential,0.00033211708068847656,72,True,46
70,random,0.18596124649047852,33045,True,46
70,mrv,0.004088401794433594,0,True,46
71,sequential,0.00018405914306640625,18,True,46
71,random,0.1683351993560791,30328,True,46
71,mrv,0.004168510437011719,0,True,46
72,sequential,0.0006668567657470703,171,True,46
72,random,0.28526997566223145,50640,True,46
72,mrv,0.004041194915771484,0,True,46
73,sequential,0.00012993812561035156,1,True,47
73,random,0.11920499801635742,21278,True,47
73,mrv,0.004053354263305664,0,True,47
74,sequential,0.00021505355834960938,31,True,43
74,random,0.0146484375,2537,True,43
74,mrv,0.0038204193115234375,0,True,43
75,sequential,0.00019359588623046875,20,True,47
75,random,0.08680224418640137,15287,True,47
75,mrv,0.003985881805419922,0,True,47
76,sequential,0.0004076957702636719,87,True,46
76,random,0.15000534057617188,26469,True,46
76,mrv,0.0042917728424072266,0,True,46
77,sequential,0.00018668174743652344,17,True,45
77,random,0.04059100151062012,7352,True,45
77,mrv,0.0037691593170166016,0,True,45
78,sequential,0.0005676746368408203,133,True,47
78,random,0.4083061218261719,72729,True,47
78,mrv,0.0040874481201171875,0,True,47
79,sequential,0.0013380050659179688,414,True,47
79,random,0.023986101150512695,4309,True,47
79,mrv,0.003954172134399414,0,True,47
80,sequential,0.00021886825561523438,28,True,46
80,random,0.05148816108703613,9076,True,46
80,mrv,0.003983020782470703,0,True,46
81,sequential,0.00019025802612304688,18,True,47
81,random,0.15547418594360352,27587,True,47
81,mrv,0.004239559173583984,0,True,47
82,sequential,0.00025773048400878906,43,True,46
82,random,0.03513336181640625,6191,True,46
82,mrv,0.004052639007568359,0,True,46
83,sequential,0.0009212493896484375,294,True,44
83,random,0.8383626937866211,151277,True,44
83,mrv,0.0041925907135009766,0,True,44
84,sequential,0.0001583099365234375,8,True,43
84,random,0.0025811195373535156,400,True,43
84,mrv,0.006012439727783203,0,True,43
85,sequential,0.0003542900085449219,33,True,44
85,random,0.1288142204284668,20883,True,44
85,mrv,0.004272937774658203,0,True,44
86,sequential,0.0006518363952636719,165,True,44
86,random,0.8236918449401855,148838,True,44
86,mrv,0.004158496856689453,0,True,44
87,sequential,0.00022363662719726562,31,True,48
87,random,0.04300808906555176,7678,True,48
87,mrv,0.004254341125488281,0,True,48
88,sequential,0.0011532306671142578,359,True,46
88,random,0.07928586006164551,14049,True,46
88,mrv,0.004048585891723633,0,True,46
89,sequential,0.000514984130859375,129,True,47
89,random,1.471372365951538,266427,True,47
89,mrv,0.004469156265258789,0,True,47
90,sequential,0.0007586479187011719,183,True,50
90,random,2.694338798522949,476585,True,50
90,mrv,0.005301237106323242,0,True,50
91,sequential,0.00035452842712402344,80,True,44
91,random,0.15382933616638184,27838,True,44
91,mrv,0.003931283950805664,0,True,44
92,sequential,0.0003314018249511719,72,True,48
92,random,0.11895895004272461,21030,True,48
92,mrv,0.004332304000854492,0,True,48
93,sequential,0.00022077560424804688,31,True,46
93,random,0.2375345230102539,42949,True,46
93,mrv,0.004114627838134766,0,True,46
94,sequential,0.00020694732666015625,31,True,45
94,random,0.0800178050994873,14362,True,45
94,mrv,0.004189968109130859,0,True,45
95,sequential,0.0005543231964111328,143,True,46
95,random,0.070953369140625,12651,True,46
95,mrv,0.0038568973541259766,0,True,46
96,sequential,0.0002799034118652344,50,True,47
96,random,0.0415647029876709,7350,True,47
96,mrv,0.004050731658935547,0,True,47
97,sequential,0.0002925395965576172,53,True,45
97,random,0.052197933197021484,9340,True,45
97,mrv,0.005031585693359375,0,True,45
98,sequential,0.00019931793212890625,23,True,47
98,random,0.08540964126586914,15463,True,47
98,mrv,0.004537105560302734,0,True,47
99,sequential,0.00016736984252929688,12,True,47
99,random,0.54563307762146,95526,True,47
99,mrv,0.00423741340637207,0,True,47
100,sequential,0.0003886222839355469,91,True,47
100,random,0.10556697845458984,18655,True,47
100,mrv,0.00400996208190918,0,True,47
101,sequential,0.00021600723266601562,30,True,40
101,random,0.029743194580078125,5355,True,40
101,mrv,0.0034880638122558594,0,True,40
102,sequential,0.0001308917999267578,1,True,47
102,random,0.01813340187072754,3272,True,47
102,mrv,0.004053831100463867,0,True,47
103,sequential,0.0002624988555908203,46,True,43
103,random,0.07841038703918457,13821,True,43
103,mrv,0.0038671493530273438,0,True,43
104,sequential,0.00024175643920898438,36,True,47
104,random,0.07488608360290527,13199,True,47
104,mrv,0.0038917064666748047,0,True,47
105,sequential,0.0001709461212158203,12,True,48
105,random,0.1444840431213379,25785,True,48
105,mrv,0.004382610321044922,0,True,48
106,sequential,0.0001697540283203125,15,True,47
106,random,0.04870772361755371,8718,True,47
106,mrv,0.003975868225097656,0,True,47
107,sequential,0.00017523765563964844,15,True,46
107,random,0.013813018798828125,2443,True,46
107,mrv,0.0038063526153564453,0,True,46
108,sequential,0.0010714530944824219,306,True,47
108,random,0.3282356262207031,59616,True,47
108,mrv,0.0039119720458984375,0,True,47
109,sequential,0.0004248619079589844,93,True,45
109,random,0.020839452743530273,3755,True,45
109,mrv,0.003985166549682617,0,True,45
110,sequential,0.0005233287811279297,121,True,48
110,random,1.2317140102386475,219747,True,48
110,mrv,0.004639148712158203,0,True,48
111,sequential,0.0005693435668945312,136,True,50
111,random,0.23390603065490723,41820,True,50
111,mrv,0.0045282840728759766,0,True,50
112,sequential,0.00014519691467285156,4,True,47
112,random,0.05959630012512207,10563,True,47
112,mrv,0.00409698486328125,0,True,47
113,sequential,0.0006015300750732422,183,True,42
113,random,0.2519242763519287,45140,True,42
113,mrv,0.004034519195556641,0,True,42
114,sequential,0.000274658203125,39,True,46
114,random,0.3040299415588379,53730,True,46
114,mrv,0.004164218902587891,0,True,46
115,sequential,0.00042510032653808594,99,True,47
115,random,0.12640881538391113,22599,True,47
115,mrv,0.004126310348510742,0,True,47
116,sequential,0.00016832351684570312,12,True,48
116,random,0.14487290382385254,25890,True,48
116,mrv,0.004356861114501953,0,True,48
117,sequential,0.00018310546875,21,True,45
117,random,0.019472599029541016,3519,True,45
117,mrv,0.003876209259033203,0,True,45
118,sequential,0.0009551048278808594,250,True,45
118,random,0.0767066478729248,14203,True,45
118,mrv,0.004002809524536133,0,True,45
119,sequential,0.0003235340118408203,60,True,46
119,random,0.22596478462219238,40094,True,46
119,mrv,0.003983259201049805,0,True,46
120,sequential,0.00017571449279785156,14,True,48
120,random,0.7022228240966797,126074,True,48
120,mrv,0.004335880279541016,0,True,48
121,sequential,0.0010383129119873047,296,True,48
121,random,0.9862668514251709,176378,True,48
121,mrv,0.004315853118896484,0,True,48
122,sequential,0.0008363723754882812,256,True,45
122,random,0.21167254447937012,38003,True,45
122,mrv,0.004004955291748047,0,True,45
123,sequential,0.0001690387725830078,14,True,44
123,random,0.03815412521362305,6762,True,44
123,mrv,0.004361152648925781,0,True,44
124,sequential,0.00015854835510253906,11,True,47
124,random,0.11522841453552246,20592,True,47
124,mrv,0.004182100296020508,0,True,47
125,sequential,0.0002110004425048828,28,True,46
125,random,0.02171492576599121,3965,True,46
125,mrv,0.004056453704833984,0,True,46
126,sequential,0.00030684471130371094,49,True,48
126,random,0.14671921730041504,25952,True,48
126,mrv,0.004327535629272461,0,True,48
127,sequential,0.0011646747589111328,368,True,46
127,random,0.027251005172729492,4850,True,46
127,mrv,0.004236698150634766,0,True,46
128,sequential,0.00016808509826660156,10,True,45
128,random,0.07168722152709961,12568,True,45
128,mrv,0.0040814876556396484,0,True,45
129,sequential,0.0003979206085205078,90,True,45
129,random,0.022030353546142578,3979,True,45
129,mrv,0.003880739212036133,0,True,45
130,sequential,0.000263214111328125,40,True,45
130,random,0.05626082420349121,10230,True,45
130,mrv,0.004221439361572266,0,True,45
131,sequential,0.0003139972686767578,62,True,47
131,random,0.08208584785461426,14504,True,47
131,mrv,0.0038492679595947266,0,True,47
132,sequential,0.0002224445343017578,29,True,46
132,random,0.04529452323913574,8162,True,46
132,mrv,0.004115581512451172,0,True,46
133,sequential,0.00015687942504882812,9,True,46
133,random,0.021741390228271484,3875,True,46
133,mrv,0.0038645267486572266,0,True,46
134,sequential,0.0016100406646728516,448,True,44
134,random,0.027540922164916992,4872,True,44
134,mrv,0.003645658493041992,0,True,44
135,sequential,0.00023055076599121094,33,True,47
135,random,0.09028911590576172,16139,True,47
135,mrv,0.0041828155517578125,0,True,47
136,sequential,0.0003497600555419922,76,True,46
136,random,0.00438690185546875,798,True,46
136,mrv,0.0039980411529541016,0,True,46
137,sequential,0.0007200241088867188,203,True,42
137,random,0.19212031364440918,31516,True,42
137,mrv,0.004245758056640625,0,True,42
138,sequential,0.0001881122589111328,13,True,48
138,random,0.11057662963867188,19760,True,48
138,mrv,0.004252910614013672,0,True,48
139,sequential,0.0003261566162109375,63,True,47
139,random,0.1060795783996582,19029,True,47
139,mrv,0.004098653793334961,0,True,47
140,sequential,0.0003523826599121094,78,True,47
140,random,0.0011553764343261719,174,True,47
140,mrv,0.004027366638183594,0,True,47
141,sequential,0.0010662078857421875,314,True,48
141,random,0.17240047454833984,30928,True,48
141,mrv,0.004334926605224609,0,True,48
142,sequential,0.00037670135498046875,84,True,45
142,random,0.2378687858581543,42621,True,45
142,mrv,0.004038810729980469,0,True,45
143,sequential,0.00015783309936523438,10,True,45
143,random,0.001966714859008789,329,True,45
143,mrv,0.00395655632019043,0,True,45
144,sequential,0.000743865966796875,190,True,46
144,random,0.08407855033874512,15245,True,46
144,mrv,0.0039081573486328125,0,True,46
145,sequential,0.0011661052703857422,355,True,45
145,random,0.10651373863220215,18751,True,45
145,mrv,0.0043408870697021484,0,True,45
146,sequential,0.0005230903625488281,135,True,46
146,random,0.04814648628234863,8795,True,46
146,mrv,0.003978729248046875,0,True,46
147,sequential,0.0002288818359375,40,True,44
147,random,0.018639087677001953,3271,True,44
147,mrv,0.0038063526153564453,0,True,44
148,sequential,0.0003027915954589844,50,True,45
148,random,0.0763545036315918,13310,True,45
148,mrv,0.0043370723724365234,0,True,45
149,sequential,0.0001399517059326172,4,True,46
149,random,0.05609250068664551,9956,True,46
149,mrv,0.003987789154052734,0,True,46
150,sequential,0.00019478797912597656,20,True,46
150,random,0.1487884521484375,26617,True,46
150,mrv,0.0043413639068603516,0,True,46
151,sequential,0.0003032684326171875,57,True,44
151,random,0.031385183334350586,5394,True,44
151,mrv,0.003814697265625,0,True,44
152,sequential,0.00034546852111816406,61,True,46
152,random,0.24942684173583984,45474,True,46
152,mrv,0.004174709320068359,0,True,46
153,sequential,0.0008533000946044922,264,True,44
153,random,0.20728373527526855,36662,True,44
153,mrv,0.004223346710205078,0,True,44
154,sequential,0.00021767616271972656,21,True,49
154,random,0.8571298122406006,152705,True,49
154,mrv,0.004603862762451172,0,True,49
155,sequential,0.0017409324645996094,546,True,48
155,random,0.24568414688110352,44266,True,48
155,mrv,0.004533052444458008,0,True,48
156,sequential,0.00016379356384277344,10,True,46
156,random,0.0002601146697998047,11,True,46
156,mrv,0.003883838653564453,0,True,46
157,sequential,0.0007612705230712891,190,True,48
157,random,0.6801066398620605,122463,True,48
157,mrv,0.004305362701416016,0,True,48
158,sequential,0.0006494522094726562,159,True,45
158,random,0.23030591011047363,41341,True,45
158,mrv,0.004112720489501953,0,True,45
159,sequential,0.00016117095947265625,9,True,46
159,random,0.23598194122314453,42872,True,46
159,mrv,0.004237651824951172,0,True,46
160,sequential,0.0002646446228027344,48,True,48
160,random,0.13420701026916504,23927,True,48
160,mrv,0.004256248474121094,0,True,48
161,sequential,0.00044226646423339844,104,True,45
161,random,0.1183784008026123,20753,True,45
161,mrv,0.004060983657836914,0,True,45
162,sequential,0.00020623207092285156,26,True,46
162,random,0.11918902397155762,21351,True,46
162,mrv,0.003960609436035156,0,True,46
163,sequential,0.000148773193359375,7,True,41
163,random,0.056169748306274414,9906,True,41
163,mrv,0.0040743350982666016,0,True,41
164,sequential,0.0004894733428955078,117,True,45
164,random,0.07289814949035645,12793,True,45
164,mrv,0.003679990768432617,0,True,45
165,sequential,0.00031065940856933594,61,True,46
165,random,0.07832717895507812,14040,True,46
165,mrv,0.00413060188293457,0,True,46
166,sequential,0.0005483627319335938,132,True,47
166,random,0.0062634944915771484,1112,True,47
166,mrv,0.0040280818939208984,0,True,47
167,sequential,0.0004668235778808594,111,True,47
167,random,0.32256007194519043,57668,True,47
167,mrv,0.004387617111206055,0,True,47
168,sequential,0.00015997886657714844,9,True,45
168,random,0.07893490791320801,14175,True,45
168,mrv,0.004274606704711914,0,True,45
169,sequential,0.0009775161743164062,285,True,48
169,random,0.031096696853637695,5535,True,48
169,mrv,0.004319429397583008,0,True,48
170,sequential,0.0007190704345703125,214,True,47
170,random,0.07506632804870605,13352,True,47
170,mrv,0.0042362213134765625,0,True,47
171,sequential,0.0004410743713378906,99,True,45
171,random,0.02032017707824707,3594,True,45
171,mrv,0.004954338073730469,0,True,45
172,sequential,0.0002703666687011719,49,True,48
172,random,0.08076691627502441,14530,True,48
172,mrv,0.0056438446044921875,0,True,48
173,sequential,0.0006389617919921875,180,True,46
173,random,0.016329288482666016,2822,True,46
173,mrv,0.003954172134399414,0,True,46
174,sequential,0.0002758502960205078,47,True,44
174,random,0.23415493965148926,42863,True,44
174,mrv,0.00401759147644043,0,True,44
175,sequential,0.001049041748046875,308,True,45
175,random,0.05908203125,10751,True,45
175,mrv,0.003983259201049805,0,True,45
176,sequential,0.0001709461212158203,16,True,47
176,random,0.07053112983703613,12757,True,47
176,mrv,0.004159212112426758,0,True,47
177,sequential,0.0006849765777587891,186,True,46
177,random,0.10791659355163574,18833,True,46
177,mrv,0.004457235336303711,0,True,46
178,sequential,0.0001659393310546875,7,True,44
178,random,0.017866849899291992,3189,True,44
178,mrv,0.004056692123413086,0,True,44
179,sequential,0.0001957416534423828,26,True,43
179,random,0.024062395095825195,4272,True,43
179,mrv,0.003695964813232422,0,True,43
180,sequential,0.0001537799835205078,7,True,45
180,random,0.01847696304321289,3316,True,45
180,mrv,0.0039751529693603516,0,True,45
181,sequential,0.00033736228942871094,69,True,46
181,random,0.09099745750427246,15949,True,46
181,mrv,0.00406646728515625,0,True,46
182,sequential,0.0001513957977294922,5,True,46
182,random,0.16988062858581543,29900,True,46
182,mrv,0.004453182220458984,0,True,46
183,sequential,0.0004475116729736328,110,True,47
183,random,0.5367364883422852,93343,True,47
183,mrv,0.004235029220581055,0,True,47
184,sequential,0.00043654441833496094,103,True,46
184,random,0.21074771881103516,37885,True,46
184,mrv,0.0037941932678222656,0,True,46
185,sequential,0.00035071372985839844,73,True,47
185,random,0.15427279472351074,27471,True,47
185,mrv,0.0040972232818603516,0,True,47
186,sequential,0.0003235340118408203,68,True,44
186,random,0.06230473518371582,10730,True,44
186,mrv,0.004025697708129883,0,True,44
187,sequential,0.00044465065002441406,96,True,46
187,random,0.03505992889404297,6278,True,46
187,mrv,0.003679513931274414,0,True,46
188,sequential,0.00026345252990722656,41,True,47
188,random,1.1281712055206299,204610,True,47
188,mrv,0.00435328483581543,0,True,47
189,sequential,0.0007636547088623047,206,True,47
189,random,0.15944957733154297,27991,True,47
189,mrv,0.004575252532958984,0,True,47
190,sequential,0.0005130767822265625,107,True,47
190,random,0.06370329856872559,10906,True,47
190,mrv,0.004297733306884766,0,True,47
191,sequential,0.00020360946655273438,23,True,46
191,random,0.10480761528015137,17866,True,46
191,mrv,0.004269123077392578,0,True,46
192,sequential,0.0005307197570800781,131,True,47
192,random,0.8530380725860596,147499,True,47
192,mrv,0.004474163055419922,0,True,47
193,sequential,0.0011315345764160156,334,True,46
193,random,0.18761038780212402,33172,True,46
193,mrv,0.004357576370239258,0,True,46
194,sequential,0.0002429485321044922,34,True,47
194,random,0.0027496814727783203,461,True,47
194,mrv,0.004180908203125,0,True,47
195,sequential,0.00041174888610839844,88,True,48
195,random,0.07732415199279785,13513,True,48
195,mrv,0.004209280014038086,0,True,48
196,sequential,0.00021600723266601562,29,True,46
196,random,0.01291036605834961,2249,True,46
196,mrv,0.003981351852416992,0,True,46
197,sequential,0.00024199485778808594,39,True,44
197,random,0.12253308296203613,22081,True,44
197,mrv,0.0040361881256103516,0,True,44
198,sequential,0.0007176399230957031,180,True,47
198,random,0.22460198402404785,39880,True,47
198,mrv,0.004180431365966797,0,True,47
199,sequential,0.00019288063049316406,23,True,45
199,random,0.037401437759399414,6405,True,45
199,mrv,0.003998517990112305,0,True,45
